school,total_abstracts
Acton-Boxborough Regional High,7
Al Noor Academy,4
Algonquin Regional High,1
Andover High,4
Arlington High,1
B M C Durfee High,1
Bancroft School,2
Beaver Country Day School,1
Bedford High,2
Belchertown High,1
Belmont High,2
Berkshire School,4
Billerica Memorial High School,5
Bishop Feehan High School,2
Blackstone Valley,3
Boston College High School,1
Boston Latin Academy,1
Boston Latin School,13
Boston Trinity Academy,1
Boston University Academy,2
Bristol-Plymouth Vocational Technical,3
Brockton High,2
Bromfield,2
Brookline High,1
Brooks School,1
Buckingham Browne & Nichols School,4
Burlington High,1
Cambridge Rindge and Latin,1
Chelmsford High,1
Commonwealth School,1
Concord Academy,6
Cushing Academy,1
Dana Hall School,1
Dearborn STEM Academy,1
Deerfield Academy,2
Dessalines STEAM Academy,1
Discovery Polytech Early College High School,3
Dover-Sherborn Regional High,2
Eaglebrook School,1
East Boston High,1
Everett High,3
Falmouth Academy,3
Falmouth High,1
Foxborough Regional Charter School,4
Framingham High School,1
Franklin High,6
Grafton High School,5
Groton School,4
Home School - Blackstone,1
Home School - Sharon,1
Hopkins Academy,2
Hopkinton High,5
Lexington High,8
Lincoln-Sudbury Regional High,2
Littleton High School,3
Lowell High,1
Maimonides School,1
Malden Catholic High School,1
Mansfield High,2
Marblehead High,1
Martha's Vineyard Regional High,1
Masconomet Regional High School,1
Massachusetts Academy of Math & Science at WPI,10
Medford High,1
Medway High,1
Middlesex School,2
Milford High,1
Milton Academy,3
Minuteman Regional High,2
New Liberty Innovation School,1
Newton Country Day School,4
Newton North High,2
Newton South High,2
Noble And Greenough School,2
North Attleboro High,5
North Quincy High,5
North Reading High,2
Northfield Mount Hermon School,5
Notre Dame Cristo Rey High School,1
O'Bryant School Math/Science,4
Phillips Academy,4
Pioneer Charter School of Science,3
Pioneer Charter School of Science II (PCSS-II),2
Pope Francis Preparatory School (Springfield),1
Quincy High,1
Rivers School,1
Roxbury Latin School,1
Saint John's High School,1
Sharon High,2
Shrewsbury Sr High,11
Somerville High,2
Southeastern Regional Vocational Technical,5
St. John Paul II High School,2
St. Mark's School,2
Sturgis East Charter Public School,1
Sturgis West Charter Public School,2
Tabor Academy,5
The Governor's Academy,3
The Greater Commonwealth Virtual School (GCVS) Reg 4,1
The Winsor School,1
Wachusett Regional High,9
Walpole High,1
Wayland High School,1
Wellesley Sr High,2
West Springfield High,1
Westborough High,3
Westfield High School,6
Westford Academy,2
Weston High,3
Wilbraham & Monson Academy,1
Williston Northampton School,2
Winchester High School,4
Worcester Academy,5
Worcester Technical High,2
